AREA;LANGUAGE;GLOTTOCODE;SOURCE;LINK TO SOURCE;DATABASE
Africa;Afar;afar1241;Parker, Enid M. & Richard J. Hayward (1985). An Afar-English-French dictionary (with grammatical notes in English). London : School of Oriental and African Studies (SOAS), University of London. 306 pp.;;https://reflex.cnrs.fr/Africa/
Africa;Ateso;teso1249;Hilders, J. H. & J. C. D. Lawrance (1958). An English-Ateso and Ateso-English vocabulary. Nairobi, Kampala & Dar es Salaam : Eagle Press for the East African Literature Bureau. 58 pp.;;https://reflex.cnrs.fr/Africa/
Africa;Badiaranke;bady1239;Meyer, [P.] G. (2001). Lexique badiaranke-français: parler de la région de Koundara, Guinée. Dakar .;;https://reflex.cnrs.fr/Africa/
Africa;Bakweri;bafa1247;Connell, Bruce A. (Ed) (1997). Mòkpè (Bakweri) - English dictionary. Köln : Rüdiger Köppe Verlag., pp. xiv, 142.;;https://reflex.cnrs.fr/Africa/
Africa;Balante de Jabada;bala1301;Sousa Bella, L. de (1946). Apontamentos sobre a língua dos Balantas de Jabadá. Boletim cultural de Guiné Portugesa 1., pp. 729-765.;;https://reflex.cnrs.fr/Africa/
Africa;Bambara;bamb1269;Dumestre, Gérard (2011). Dictionnaire bambara-français - suivi d'un index abrégé français-bambara. Paris : Karthala. 1190 pp.;;https://reflex.cnrs.fr/Africa/
Africa;Basa;basa1282;Blench, Roger M., Paul Imoh & Robert Hyslop (2019). A Dictionary of the Basa Language with an English-Basa Reverse;www.rogerblench.info/Language/Niger-Congo/BC/Kai;https://reflex.cnrs.fr/Africa/
Africa;Basari;bass1258;Ferry, Marie-Paule (1991). Thesaurus tenda: dictionnaire ethnolinguistique de langues sénégalo-guinnéennes (bassari, bedik, konyagi). Paris : Société des Etudes Linguistiques et Anthropologiques de France (SELAF). 1280 pp.;;https://reflex.cnrs.fr/Africa/
Africa;Bedik;bedi1235;Ferry, Marie-Paule (1991). Thesaurus tenda: dictionnaire ethnolinguistique de langues sénégalo-guinnéennes (bassari, bedik, konyagi). Paris : Société des Etudes Linguistiques et Anthropologiques de France (SELAF). 1280 pp.;;https://reflex.cnrs.fr/Africa/
Africa;Bokobaru;boko1267;McCallum Jones, Ross (2004). Bokobaru dictionary. München : Lincom Europa. 349 pp.;;https://reflex.cnrs.fr/Africa/
Africa;Boore;buam1238;Bloemarts, Maarten & Père de Rasilly (2012). Dictionnaire boore.;;https://reflex.cnrs.fr/Africa/
Africa;Bozo (Tieyaxo);tiey1235;[Anonymous] (1982). Guide de Transcription et Lexique Bozo [Tieyaxo sawananbaana yee a xarabuye]. Bamako : DNAFLA. 127 pp.;;https://reflex.cnrs.fr/Africa/
Africa;Brame;mank1251;Basso Marques, João (1947). Aspectos do problema da semelhança da língua dos papéis, manjacos e brames. Boletim Cultural da Guiné Portugesa 5-2., pp. 77-109.;;https://reflex.cnrs.fr/Africa/
Africa;C’lela;clel1238;Rikoto, Bulu Do̠ro̠ (2002). Dictionary C’Lela-English-Hausa. Nigeria : Lelna Language Development/Translation Association. 415 pp.;;https://reflex.cnrs.fr/Africa/
Africa;Chamba;samb1311;Boyd, Raymond & Isa Sa’ad (2010). A Chamba-English Dictionary. Lagos : Malthouse Press Limited. 211 pp.;;https://reflex.cnrs.fr/Africa/
Africa;Dagaare;nort2780;Ali, Mark, Scott Grimm & Adams Bodomo (2021). A dictionary and grammatical sketch of Dagaare. Berlin : Language Science Press. xiv + 334 pp.;;https://reflex.cnrs.fr/Africa/
Africa;Dan (gwèèta);dann1241;Vydrin, Valentin (2008). Dictionnaire Dan-Français (dan de lʼEst). St Petersbourg : Nestor-Istoria. 368 pp.;;https://reflex.cnrs.fr/Africa/
Africa;Dii;diii1241;Bohnhoff, Lee Edward (2014). Dictionnaire de la langue dii (duru) - Electronic Document;;https://reflex.cnrs.fr/Africa/
Africa;Dioula (Kong);dyul1238;Sangare, Aby (1984). Dioula de Kong (Côte dʼIvoire) : Phonologie, grammaire, lexique et textes. Grenoble : Université de Grenoble 3 (Thèse de 3ème cycle).;;https://reflex.cnrs.fr/Africa/
Africa;Engwo;ngwo1241;Eyoh, Julius A. (2011). Engwo Lexicon - Engwo-English, English-Engwo. 444 pp.;;https://reflex.cnrs.fr/Africa/
Africa;éton;eton1253;Van de Velde, Mark & Kissito Essele Essele, en collaboration avec le comité de la langue éton d’Obala (2022). Dictionnaire éton - français. Yaoundé : Editions CLE. iv + 361 pp.;;https://reflex.cnrs.fr/Africa/
Africa;Ewe;ewee1241;Rongier, Jacques (2003). Documents lexicaux donnés au LLACAN par l’auteur. ;;https://reflex.cnrs.fr/Africa/
Africa;Gambian Wolof;gamb1252;Dem, Sierra (1995). Wollof-English dictionary. Banjul. Peace Corps The Gambia. 76 pp.;;https://reflex.cnrs.fr/Africa/
Africa;Gbaya (Yaayuwee);gbay1283;Blanchard, Yves & Philip A. Noss (1982). Dictionnaire gbaya-français, dialecte yaayuwee. Meiganga (Cameroun) : Centre de Traduction Gbaya. 558 pp.;;https://reflex.cnrs.fr/Africa/
Africa;Gbaya mbódɔ̀mɔ̀;gbay1281;Boyd, Virginia L. (1996). Petit lexique gbaya mbódòmò - français, dialecte de Gandima Tongo. Yaoundé : Association SIL. 31 pp.;;https://reflex.cnrs.fr/Africa/
Africa;Gedeo;gede1246;Wedekind, Klaus (2008). Introduction, Cultural Terminology + Gedeo Dictionary, Revision of 1978, Listing by Semantic Categories;URL : http://kwedekind.de/Eingang1/Biblio1.htm;https://reflex.cnrs.fr/Africa/
Africa;Gevia;eviy1235;Veen, Lolke J. van der & Sébastien Bodinga-Bwa-Bodinga (2002). Gedandedi sa geviya/Dictionnaire geviya-français. Leuven & Paris : Editions Peeters. 569 pp.;;https://reflex.cnrs.fr/Africa/
Africa;Grebo;sout2826;Innes, Gordon (1967). A Grebo-English dictionary. Cambridge : University Press in association with the West African Languages Survey and the Institute of African Studies, University of Ibadan. vi + 131 pp.;;https://reflex.cnrs.fr/Africa/
Africa;Gusiilaay;band1340;GIE CLOA et SIL Sénégal (2018). Lexique gusiilaay;https://gusiilaay.webonary.org/;https://reflex.cnrs.fr/Africa/
Africa;Ịḅanị;iban1261;"Green, Eldred I. Ibibiem T., Abe Brown & Adadonye Fombo (2005). A dictionary of Ibani, an Ijoid language of the Niger Delta. Cambridge (Original manuscript prepared by Eldred I. Ibibiem T. Green, based on manuscripts by Abe Brown and Adadonye Fombo; typing and preliminary editing by Kay Williamson; circulation draft prepared by Roger M. Blench). 103 pp.";;https://reflex.cnrs.fr/Africa/
Africa;Ibɔɔ̃;teke1278;Njeck, Mathaus Mbah (2003). A phonology of Bangulang and a proposed orthography. Department of African Languages and Linguistics, Faculty of Arts, Letters and Social Sciences, University of Yaoundé I (Post-graduate diploma thesis (mémoire de maîtrise en linguistique)). x, 91 pp.;;https://reflex.cnrs.fr/Africa/
Africa;Joola kasa;jola1263;Wintz, [R.P.] Ed. (1909 [reprint 1968]). Dictionnaire français-dyola et dyola-français, précédé dʼun essai de grammaire. Elinkine (Sénégal) : Mission catholique. x + 79 + 190 pp.;;https://reflex.cnrs.fr/Africa/
Africa;Joola kwaatay;band1340;Payne, Stephen (1992). Une grammaire pratique avec phonologie et dictionnaire de kwatay (parler du village de Diémbéring, basse Casamance, Sénégal). Dakar : Société Internationale de Linguistique (SIL). v, 134 pp.;;https://reflex.cnrs.fr/Africa/
Africa;Ju|’hoan;juho1239;Dickens, Patrick John (1994). English-Ju|’hoan, Ju|’hoan-English dictionary. Köln : Rüdiger Köppe Verlag. 371 pp.;;https://reflex.cnrs.fr/Africa/
Africa;Kakabe;kaka1265;Vydrina, Alexandra (2018). Lexique kakabe;https://reflex.cnrs.fr/Africa/;https://reflex.cnrs.fr/Africa/
Africa;Kanuri;cent2050;"Cyffer, Norbert & John Priestley Hutchison (Ed) (1990). Dictionary of the Kanuri language. Dordrecht : Mouton de Gruyter; Foris Publications., pp. xx, 200.";;https://reflex.cnrs.fr/Africa/
Africa;Khassonké;xaas1235;Tveit, Harald & Gagny Dansoko (1993). Petit dictionnaire khassonké-français. Oussoubidiagna (Mali) : Mission Protestante Norvégienne. 103 pp.;;https://reflex.cnrs.fr/Africa/
Africa;Kóonzime;koon1245;Beavon, Keith H. & Mary Beavon (1996). Lexique kóonzime-français. Yaoundé : Société Internationale de Linguistique (SIL). 121 pp.;http://www.silcam.org/download.php?sstid=030100&folder=documents&file=KoonzimeLexique.pdf;https://reflex.cnrs.fr/Africa/
Africa;Lendu (thadha);lend1245;Dhejju, L. (1978). Documents sur la langue lendu (dialect tadha). Université Paris-Sorbonne (Paris 4) (Diplôme d’Ecole Pratique des Hautes Etudes (EPHE)).;;https://reflex.cnrs.fr/Africa/
Africa;Limba;west2450;Clarke, Mary Lane (1922). A Limba-English dictionary, or: Tampen ta ka talun ta ka hulimba in huinkilisi ha. New York : Houghton. 150 pp.;;https://reflex.cnrs.fr/Africa/
Africa;Logba;logb1245;Dorvlo, Kofi (2008). A Grammar of Logba (Ikpana). Leiden : Leiden University (PhD thesis). XXI + 441 pp.;http://hdl.handle.net/1887/12945;https://reflex.cnrs.fr/Africa/
Africa;Lubwisi;tali1258;Musinguzi, Charles, Martin Diprose & Waller C. Tabb Jr. (2012). Ntotoli̠ ya Lubwisi - Lubwisi Dictionary;http://lubwisi.webonary.org/;https://reflex.cnrs.fr/Africa/
Africa;Maʼdi;madi1260;Blackings, Mairi (2000). Ma’di-English dictionary. München : Lincom Europa. 126 pp.;;https://reflex.cnrs.fr/Africa/
Africa;Majang;maja1242;Joswig, Andreas (2019). The Majang Language. Leiden : LOT . 542 pp.;https://www.lotpublications.nl/the-majang-language;https://reflex.cnrs.fr/Africa/
Africa;Mamara;mama1271;Association pour la promotion de la langue Mamara (2009). Dictionnaire Mamara - Mamaara Kafilakaya Kpuun;http://www.malien.net/mamara/;https://reflex.cnrs.fr/Africa/
Africa;Manjaku;mand1419;Basso Marques, João (1947). Aspectos do problema da semelhança da língua dos papéis, manjacos e brames. Boletim Cultural da Guiné Portugesa 5-2., pp. 77-109.;;https://reflex.cnrs.fr/Africa/
Africa;Manjaku (Churo);mand1419;Carreira, António & João Basso Marques (1947). Subsídios para o estudo da língua Manjaca. Lisboa : Centro de Estudos da Guiné Portuguesa.;;https://reflex.cnrs.fr/Africa/
Africa;Manjaku (Costa de Baixo);mand1419;Carreira, António & João Basso Marques (1947). Subsídios para o estudo da língua Manjaca. Lisboa : Centro de Estudos da Guiné Portuguesa.;;https://reflex.cnrs.fr/Africa/
Africa;Mende;mend1266;Innes, Gordon (1969). A Mende-English dictionary. Cambridge : The University Press. x, 155 pp.;;https://reflex.cnrs.fr/Africa/
Africa;Modo;jurm1239;Persson, Andrew M. & Janet Persson (1991). Modo-English dictionary with grammar. Nairobi : Summer Institute of Linguistics (SIL). 148 pp.;;https://reflex.cnrs.fr/Africa/
Africa;Mundu;mund1326;Vallaeys, André (1991). La langue mondo: esquisse grammaticale, textes et dictionnaire. Tervuren : Musée Royal de l’Afrique Centrale (MRAC). 228 pp.;;https://reflex.cnrs.fr/Africa/
Africa;Mwan;mwan1250;Perekhvalskaya, Elena & Moïse Yegbé (avec la participation de Vincent Yegbé) (2018). Dictionnaire mwan-français. Mandenkan 60, pp. 3-122.;http://llacan.vjf.cnrs.fr/fichiers/Mandenkan/;https://reflex.cnrs.fr/Africa/
Africa;Nembe;sout2774;Kaliai, M. H. I. (2008). A Nembe-English dictionary.;http://www.rogerblench.info/Language%20data/Niger-Congo/Ijoid/Nembe%20English%20dictionary.pdf;https://reflex.cnrs.fr/Africa/
Africa;Orma Oromo;orma1241;Stroomer, Harry J. (2001). A concise vocabulary of Orma Oromo (Kenya): Orma-English/English-Orma. Cologne : Rüdiger Köppe Verlag. xii, 157 pp.;;https://reflex.cnrs.fr/Africa/
Africa;Pepel;pape1239;Ndao, Dame (2011). Phonologie, morphologie et structures syntaxiques du pepel. Dakar / Paris : Université Cheikh Anta Diop / INALCO . 273 pp.;;https://reflex.cnrs.fr/Africa/
Africa;Perge Tegu;jams1239;Heath, Jeffrey (2013). P.erge Tegu lexicon (Pergué).;http://dogonlanguages.org/;https://reflex.cnrs.fr/Africa/
Africa;Peul (Massina);maas1239;Seydou, Christiane (2014). Dictionnaire peul-français (variété du Massina).;;https://reflex.cnrs.fr/Africa/
Africa;Pular;pula1262;Bah, Oumar (2009). Saggitorde Oumar Bah [Dictionnaire pular] (Consulté le 22/10/2010).;http://www.peeral.com/saggitorde/index-french/main.htm;https://reflex.cnrs.fr/Africa/
Africa;Rumanyo;diri1252;Möhlig, Wilhelm Johann Georg & Karl Peter Shiyaka-Mberema (2005). A dictionary of the Rumanyo language: Rumanyo-English/English-Rumanyo, including a grammatical sketch. Cologne : Rüdiger Köppe Verlag. 459 pp.;;https://reflex.cnrs.fr/Africa/
Africa;Sénoufo du Minyanka;mama1271;Chéron, Georges (1925). Le dialecte sénoufo du Minianka: grammaire, textes et lexiques. Paris : Librairie Orientaliste Paul Geuthner. 167, cartes pp.;;https://reflex.cnrs.fr/Africa/
Africa;Sereer;sere1260;Crétois, Léonce (1973/77). Dictionnaire sereer-français. Dakar : Centre de Linguistique Appliquée de Dakar (CLAD). 584 + 609 + 678 + 678 + 744 + 528 pp.;;https://reflex.cnrs.fr/Africa/
Africa;Sereer (Saalum);sere1260;Merrill, John (2018). Sereer-English/English-Sereer Dictionary.;http://linguistics.berkeley.edu/~merrill/;https://reflex.cnrs.fr/Africa/
Africa;Sérère;sere1260;"Greffier [P. S. Sp.] (1960). Dictionnaire sérère-français, dʼaprès le manuscrit du Père Ezzano S. Sp. ; Précédé dʼun abrégé de grammaire Sérère par le P. Greffier S. Sp.. Joal (Sénégal) : Mission de Joal. xxxvi + 164 pp.";;https://reflex.cnrs.fr/Africa/
Africa;Shisumbwa;sumb1240;Capus [père] (1901). Dictionnaire shisumbwa-français. Saint-Cloud : Imprimerie Belin Frères. 150 pp.;;https://reflex.cnrs.fr/Africa/
Africa;Sissala;tumu1242;Zalvé, Marc, Lukas Neukom & Michèle Bender (2013). Lexique sissala - français - avec un index français - sissala.;http://www.sil-burkina.org/fr/content/lexique-sissala-fran%C3%A7ais;https://reflex.cnrs.fr/Africa/
Africa;Tẹ̀ẹ̀;teee1242;Nwi-Bari, W. K. (1993). Tee-English dictionary. ;;https://reflex.cnrs.fr/Africa/
Africa;Timne;timn1235;"Thomas, Northcote Whitridge (1916). Anthropological report on Sierra Leone. Part 2: Timne-English dictionary. London : Harrison & Sons. viii, 139 pp.
";;https://reflex.cnrs.fr/Africa/
Africa;Vai;vaii1241;Kastenholz, Raimund (ed) (2019). A corpus Dictionary of Vai - Klingenheben's Collection of Lexical Data. Köln : Rüdiger Köppe Verlag. 270 pp.;;https://reflex.cnrs.fr/Africa/
Africa;Wolof;nucl1347;Fal, Arame, Rosine Santos & Jean Léonce Doneux (1990). Dictionnaire wolof-français suivi dʼun index français-wolof. Paris : Karthala. 339 pp.;;https://reflex.cnrs.fr/Africa/
Africa;Yorno-So;toro1252;Heath, Jeffrey (2013). Yorno-So lexicon.;http://dogonlanguages.org/;https://reflex.cnrs.fr/Africa/
Africa;Yoruba;yoru1245;Sachnine, Michka (1997). Dictionnaire usuel yoruba-français suivi dʼun index français-yoruba. Paris : Editions Karthala. 384 pp.;;https://reflex.cnrs.fr/Africa/
Africa;Za:r;saya1246;Caron, Bernard (2005). Za:r (Dictionary, grammar, texts);;https://reflex.cnrs.fr/Africa/
Africa;Zande;zand1248;Boyd, Raymond (1995). Le zande;;https://reflex.cnrs.fr/Africa/
Asia;Burmese;nucl1310;Myanmar-English Dictionary, Myanmar Language Commission/Dunwoody Press, 1993/1996.;;http://www.sealang.net/
Asia;Central Khmer;cent1989;Robert K. Headley, Kylin Chhor, Lam Kheng Lim, Lim Hak Kheang, & Chen Chun. 1977. Cambodian-English Dictionary. Catholic University Press. ;;http://www.sealang.net/
Asia;Central Khmer;cent1989;Robert K. Headley, Rath Chim & Ok Soeum. 1997. Modern Cambodian-English Dictionary. Dunwoody Press. ;;http://www.sealang.net/
Asia;Chavacano;chav1241;Maria Isabelita O.Riego de Dios. 1987. A composite dictionary of Philippine Creole Spanish, Studies in Philippine Linguistics 7.2;https://eric.ed.gov/?id=ED335965;http://www.sealang.net/
Asia;Dzongkha;dzon1239;Via Gwendolyn Hyslop;;
Asia;Hiligaynon aka Ilonggo;hili1240;John Kaufmann. 1934/2016. Visayan-English Dictionary (Kapulúñgan Binisayá-Ininglis), CreateSpace Independent Publishing Platform. ;https://www.gutenberg.ph/previews/kaufmann/KVED-Body.pdf;http://www.sealang.net/
Asia;Hiligaynon aka Ilonggo;hili1240;Cecile Motus. 1971. Hiligaynon Dictionary. University of Hawaii Press. ;https://scholarspace.manoa.hawaii.edu/server/api/core/bitstreams/ca6c4041-0aa8-41c0-9fe3-ea61ce2b1631/content;http://www.sealang.net/
Asia;Ilocano;ilok1237;Ernesto Constantino. 1971.  Ilokano Dictionary. University of Hawaii Press. ;;http://www.sealang.net/
Asia;Japanese;nucl1643;Japanese-English Cambridge Dictionary online;https://dictionary.cambridge.org/;
Asia;Javanese;java1254;Stuart Robson & Singgih Wibisono. 2002. Javanese English Dictionary. Periplus Editions. ;;http://www.sealang.net/
Asia;Kalamang;kara1499;Visser, Eline. 2020. Kalamang dictionary. Dictionaria 13. 1-2737;http://dictionaria.clld.org/contributions/kalamang;https://dictionaria.clld.org/ 
Asia;Korean;kore1280;Samuel E. Martin. 1992. A Reference Grammar of Korean;;
Asia;Kürtop;kurt1248;Via Gwendolyn Hyslop;;
Asia;Lao;laoo1244;William L. Patterson & Mario E. Severino. 1995. Lao-English Dictionary. Dunwoody Press. ;;http://www.sealang.net/
Asia;Lao;laoo1244;Allen Kerr. 1972. Lao-English Dictionary. Catholic University Press. ;https://archive.org/details/laoenglishdictio01kerr/page/n655/mode/2up;http://www.sealang.net/
Asia;Lao;laoo1244;Lao Script tool: www.laoscript.net;;http://www.sealang.net/
Asia;Manchu;manc1252;Jerry Norman. 2013. A Comprehensive Manchu-English Dictionary;;
Asia;Mandarin Chinese;mand1415;Via Jinke Song. ;;
Asia;Maranao;mara1404;Howard McKaughan & Batua Al-Macaraya. 1996. A Maranao Dictionary. De La Salle University & the Summer Institute of Linguistics. ;https://philippines.sil.org/sites/phil/files/mrw_a_maranao_dictionary-front_1996.pdf , ;http://www.sealang.net/
Asia;Maranao;mara1404;Howard McKaughan & Batua Al-Macaraya. 1967. A Maranao Dictionary;https://dokumen.pub/qdownload/a-maranao-dictionary.html;http://www.sealang.net/
Asia;Maranao;mara1404;Jason Lobel. 2009. Maranao Reader. Dunwoody Press. ;;http://www.sealang.net/
Asia;Maranao;mara1404;Almahdi G. Alonto, Abdunllah B. Adam & R. David Zorc. 2009. Maranao Dialogs and Drills. Dunwoody Press.;https://www.livelingua.com/dli/Maranao/Maranao%20-%20Master.pdf;http://www.sealang.net/
Asia;Mongolian;halh1238;Mattai Haltod, John Gombojab Hangin, Serge Kassatkin & Ferdinand D. Lessing. 1960. Monloglian-English Dictionary.;https://fr.scribd.com/document/367015055/Lessing-Mong-Engl-d;
Asia;Shan;shan1277;Sao Tern Moeng. 1995. Shan-English Dictionary. Dunwoody Press. ;;http://www.sealang.net/
Asia;Shanghai;shan1293;Shanghai vernacular society committee. 1901. An English-Chinese Vocabulary of the Shanghai Dialect;;
Asia;Standard Indonesian;indo1316;Alan M. Stevens & A Ed. Schmidgall-Tellings. 2010. A comprehensive Indonesian-English Dictionary. Ohio University Press. ;https://johncurran.files.wordpress.com/2011/01/stevens-schmidgall-tellings-2010-a-comprehensive-indonesian-english-dictionary-ohio-university-press.pdf;http://www.sealang.net/
Asia;Teop;teop1238;"Mosel, Ulrike. 2019. A multifunctional Teop-English dictionary. DOI: 10.5281/zenodo.5526528
Dictionaria 4. 1-6488";https://dictionaria.clld.org/contributions/teop;https://dictionaria.clld.org/ 
Asia;Thai;thai1261;Mary R. Haas. 1964. Thai-English Student's Dictionary. US Department of Education. ;https://pdfcoffee.com/thai-english-studentx27s-dictionary-2-pdf-free.html;http://www.sealang.net/
Asia;Tibetan;tibe1272;H.A. Jäschke. 1881. A Tibetan-English Dictionary;;
Asia;Vietnamese;viet1252;William Peter Hyde. 2008. A New Vietnamese-English Dictionary. Dunwoody Press. ;https://dokumen.pub/a-new-vietnamese-english-dictionary-9781931546430-2008920755.html;http://www.sealang.net/
Asia;Vietnamese;viet1252;Bùi Phụng. 1992. Vietnamese-English Dictionary. University of Hawaii. ;;http://www.sealang.net/
Asia;Yao;yang1310;Sylvia J. Lombard. 1968. Yao-English dictionary;;
Australia;Martuthunira;mart1255;Dench, A 1995, Martuthunira, a language of the Pilbara region of Western Australia, Pacific Linguistics, Canberra.;;
Australia;Mawng;maun1240;Hewett, H Dineen, A Stainsby, D & Field R 2013, Maung-English Interactive Dictionary. Available at: http://ausil.org/Dictionary/Maung/preindex.htm.;;
Australia;Nyangumarta;nyan1301;Sharp, J 2004, Nyangumarta : a language of the Pilbara region of Western Australia, Canberra : Pacific Linguistics.;;
Australia;Nyulnyul;nyul1247;McGregor, W 2011, The Nyulnyul language of Dampier Land, Western Australia, Canberra: Pacific Linguistics. ;;
Australia;Paakantyi;darl1243;Hercus, LA 1993, Paakantyi dictionary [Paakantyi/English], LA Hercus, Canberra.;;
Australia;Tiwi ;tiwi1244;Lee, J 2013, Tiwi-English Interactive Dictionary Edition 2, Australian Society for Indigenous Languages. Available at: http://ausil.org/Dictionary/Tiwi/intro.htm.;;
Australia;Walmajarri;walm1241;Richards, E & J Hudson 2012, Interactive Walmajarri—English Dictionary: with English—Walmajarri finderlist (2nd Edition),  J Australian Society for Indigenous Languages. Available at: http://ausil.org/Dictionary/Walmajarri/Index-en.htm.;;
Australia;Wangkumara/Galali;ngur1261;Robertson, C 1984, Wangkumara grammar and dictionary, Aboriginal Education Unit, Department of TAFE.;;
Australia;Warlpiri;warl1254;Swartz, SM 2012, Interactive Warlpiri—English Dictionary: with English—Warlpiri finderlist (2nd Edition), Australian Society for Indigenous Languages. Available at: http://ausil.org/Dictionary/Warlpiri/aboutwarlpiri.htm;;
Australia;Wik-Mungkan;wikm1247;Sutton, PJ 1978, Wik : aboriginal society, territory and language at Cape Keerweer, Cape York Peninsula, Australia, PhD thesis, University of Queensland.;;
Australia;Wik-Mungkan;wikm1247;Kilham, C Pamulkan, M Pootchemunka, J & Wolmby, T 2011, Wik Mungkan-English Interactive Dictionary Australian Society for Indigenous Languages. Available at: http://ausil.org/Dictionary/Wik-Mungkan/lexicon/mainintro.htm.;;
Australia;Woiwurrung;woiw1237;Blake, BJ.1991, 'Woiwurrung, the Melbourne language', in Dixon, RMW & Blake, BJ (eds.), Handbook of Australian languages, vol. 4, pp. 30-122. Oxford University Press.;;
Australia;Yanyuwa;yany1243;Bradley, J & Kirton, J 1992, Yanyuwa wuka: language from Yanyuwa country. A Yanyuwa dictionary and cultural resource, Australian Institute of Aboriginal and Torres Strait Islander Studies, Canberra.;;
Australia;Yugambeh;yuga1244;Sharpe, M 1998, Dictionary of Yugambeh, including neighbouring dialects, compiled by Margaret Sharpe from various sources, Pacific Linguistics, Canberra.;;
Europe;Danish;dani1285;Collins-Gads Danish dictionary : English-Danish, Danish-English, 1994.;https://archive.org/details/collinsgadsdanis0000unse/page/652/mode/2up?q=pain (archive.org site online);
Europe;Danish;dani1285;Danish Dictionary: Danish-English, English-Danish, Taylor and Francis, 1995/2013.;;
Europe;English;stan1293;Oxford English dictionary online (consulted 2023);https://www-oed-com.bibelec.univ-lyon2.fr/?tl=true;
Europe;French;stan1290;Petit Robert, 2023.;https://petitrobert-lerobert-com.bibelec.univ-lyon2.fr/robert.asp ;
Europe;German;stan1295;Oxford German-English Dictionary, 1999. ;;
Europe;German;stan1295;Larousse concise dictionary English, 2000.;;
Europe;Polish;poli1260;Oscar E. Swan. 2002. A learner's Polish-English dictionary. ;http://libgenfrialc7tguyjywa36vtrdcplwpxaw43h6o63dmmwhvavo5rqqd.onion/LG/02000/621c00bd5cd2bd7e82fd42bfc4912970/Swan%20O.E.%20-%20Learner%27s%20Polish-English%20dictionary%20%282002%29.pdf;
Europe;Russian;russ1263;Dictionnaire Larousse français-russe et russe-français, 2008.;;
Europe;Sanzhi Dargwa;darg1241;"Forker, Diana. 2019. Sanzhi Dargwa dictionary. Dictionaria 5. 1-5533. DOI: 10.5281/zenodo.5526509
Dictionaria 5. 1-5533. DOI: 10.5281/zenodo.5526509";https://dictionaria.clld.org/contributions/sanzhi;https://dictionaria.clld.org/ 
Europe;Spanish;stan1288;The Oxford Spanish dictionary : Spanish-English/English-Spanish, 1996.;;
Latin America;Aguaruna;agua1253;Antunce S., Alejandro Paati, Jakway, Martha A., Wipio D., Gerardo. 1996. Diccionario aguaruna - castellano, castellano - aguaruna;https://www.sil.org/resources/archives/30169;
Latin America;Baniwa;bani1255;Ramirez H. 2001. Dicionário da Língua Baniwa;http://etnolinguistica.wdfiles.com/local--files/biblio%3Aramirez-2001-dicionario/Ramirez_2001_Dicionario_da_Lingua_Baniwa.pdf;
Latin America;Barasana-Eduria;bara1380;Jones P., Jones W. 2013. Diccionario Bilingüe Eduria & Barasana-Español, Español-Eduria & Barasana;https://www.sil.org/system/files/reapdata/37/28/97/37289768643508371086734028503336161779/bsnespdic2edU_2.PDF;
Latin America;Camënts̈á;cams1241;Jacanamijoy J., Juan B. 2018. Diccionario Bilingüe: Camënts̈á: Español, Español: Camënts̈á;https://www.sil.org/resources/archives/73123;
Latin America;Capanahua;capa1241;Loos, Betty H. & Loos, Eugene E. 1998. Diccionario Capanahua-Castellano. ;https://repositorio.cultura.gob.pe/bitstream/handle/CULTURA/429/Diccionario_capanahua.pdf?sequence=1&isAllowed=y;
Latin America;Cavineña;cavi1250;Camp, E.L., Liccardi, M.R. 1989. Diccionario cavineña-castellano, castellano-cavineña, con bosquejo de la gramática cavineña;https://www.sil.org/system/files/reapdata/75/11/81/75118112467834466329114648765141272950/22983.pdf;
Latin America;Cocama;coca1259;Vallejos R., Amías Murayari R. 2015. Diccionario Kukama-Kukamiria Castellano;https://formabiap.org/wp-content/uploads/2020/05/7-Diccionario-Kukama-Kukamiria-red.pdf;
Latin America;Cubeo;cube1242;Morse N.L., J.K. Salser, N. Salser. 1999. Diccionario ilustrado bilingüe: cubeo—español español—cubeo;https://www.sil.org/resources/archives/19008;
Latin America;Guahibo;guah1255;Kondo, Riena W., Kondo, Victor F. 2014. Diccionario Bilingüe: Guahibo-Español, Español-Guahibo;https://www.sil.org/resources/archives/57921;
Latin America;Inga;inga1252;Tandioy Jansasoy, Francisco, Stephen H. Levinsohn and Alonso Maffla Bilba. 1997. Diccionario Inga;https://www.sil.org/resources/archives/18897;
Latin America;Koreguaje;kore1283;Cook, Dorothy M. and Frances L. Gralow? 2001. Diccionario bilingüe Koreguaje-Español Español Koreguaje;https://www.sil.org/resources/archives/19014;
Latin America;Machiguenga;mach1267;Betty Snell. 2011. Diccionario matsigenka. ;https://www.sil.org/resources/archives/43040;
Latin America;Matsés;mats1244;Fleck Zuazo, David W. and Fernando Shoque Uaquí Bëso and Daniel Manquid Jiménez Huanán. 2012. Diccionario Matsés-Castellano;http://etnolinguistica.wdfiles.com/local--files/biblio%3Afleck-et-al-2012-diccionario/Fleck%2C%20Uaqui%20%26%20Jim%C3%A9nez%202012%20Diccionario%20Mats%C3%A9s.pdf;
Latin America;Muinane;muin1242;James W. Walton, Janice P. Walton, Clementina Pakky de Buenaventura. 1997. Diccionario bilingüe Muinane-Español, Español-Muinane;https://www.sil.org/resources/archives/18784;
Latin America;Palikúr;pali1279;Harold Green & Diana Green. 2019. Kagta Iwitkekne Parikwaki-Parantunka;https://www.sil.org/resources/archives/78848;
Latin America;Sharanahua;shar1245;Scott, Marie. 2004. Vocabulario sharanahua-castellano;https://www.sil.org/system/files/reapdata/47/59/02/47590263786118801315692283845351430890/slp53.pdf;
Latin America;Tupinambá;tupi1273;Moacyr Ribeiro de Carvalho? 1987. Dicionário Tupi (antigo)-Português;http://etnolinguistica.wdfiles.com/local--files/biblio:carvalho-1987-dicionario/Carvalho_1987_DicTupiAntigo-Port_OCR.pdf;
Latin America;Tuyuca;tuyu1244;Janet Barnes. 2012. Diccionario Bilingüe Tuyuca-Español-Español-Tuyuca;https://www.sil.org/system/files/reapdata/16/41/36/164136541650412868498736789447566930633/tueDIC_5_23_2012_web.pdf;
Latin America;Yaminahua;yami1256;Eakin, Lucille, Shive, Ivagene. 2021. Diccionario yaminahua — castellano;https://www.sil.org/resources/archives/87220;
